OKRUH,CZ,FR,IT,ES,EN
Dny v týdnu,Pondělí,Lundi,Lunedì,Lunes,Monday
Dny v týdnu,Úterý,Mardi,Martedì,Martes,Tuesday
Dny v týdnu,Středa,Mercredi,Mercoledì,Miércoles,Wednesday
Dny v týdnu,Čtvrtek,Jeudi,Giovedì,Jueves,Thursday
Dny v týdnu,Pátek,Vendredi,Venerdì,Viernes,Friday
Dny v týdnu,Sobota,Samedi,Sabato,Sábado,Saturday
Dny v týdnu,Neděle,Dimanche,Domenica,Domingo,Sunday
Měsíce v roce,Leden,Janvier,Gennaio,Enero,January
Měsíce v roce,Únor,Février,Febbraio,Febrero,February
Měsíce v roce,Březen,Mars,Marzo,Marzo,March
Měsíce v roce,Duben,Avril,Aprile,Abril,April
Měsíce v roce,Květen,Mai,Maggio,Mayo,May
Měsíce v roce,Červen,Juin,Giugno,Junio,June
Měsíce v roce,Červenec,Juillet,Luglio,Julio,July
Měsíce v roce,Srpen,Août,Agosto,Agosto,August
Měsíce v roce,Září,Septembre,Settembre,Septiembre,September
Měsíce v roce,Říjen,Octobre,Ottobre,Octubre,October
Měsíce v roce,Listopad,Novembre,Novembre,Noviembre,November
Měsíce v roce,Prosinec,Décembre,Dicembre,Diciembre,December
Základní barvy,Červená,Rouge,Rosso,Rojo,Red
Základní barvy,Modrá,Bleu,Blu,Azul,Blue
Základní barvy,Žlutá,Jaune,Giallo,Amarillo,Yellow
Základní barvy,Zelená,Vert,Verde,Verde,Green
Základní barvy,Oranžová,Orange,Arancione,Naranja,Orange
Základní barvy,Fialová,Violet,Viola,Morado,Purple
Základní barvy,Růžová,Rose,Rosa,Rosa,Pink
Základní barvy,Hnědá,Marron,Marrone,Marrón,Brown
Základní barvy,Černá,Noir,Nero,Negro,Black
Základní barvy,Bílá,Blanc,Bianco,Blanco,White
Číslovky,Jedna,Un,Uno,Uno,One
Číslovky,Dva,Deux,Due,Dos,Two
Číslovky,Tři,Trois,Tre,Tres,Three
Číslovky,Čtyři,Quatre,Quattro,Cuatro,Four
Číslovky,Pět,Cinq,Cinque,Cinco,Five
Číslovky,Šest,Six,Sei,Seis,Six
Číslovky,Sedm,Sept,Sette,Siete,Seven
Číslovky,Osm,Huit,Otto,Ocho,Eight
Číslovky,Devět,Neuf,Nove,Nueve,Nine
Číslovky,Deset,Dix,Dieci,Diez,Ten
Číslovky,Jedenáct,Onze,Undici,Once,Eleven
Číslovky,Dvanáct,Douze,Dodici,Doce,Twelve
Číslovky,Třináct,Treize,Tredici,Trece,Thirteen
Číslovky,Čtrnáct,Quatorze,Quattordici,Catorce,Fourteen
Číslovky,Patnáct,Quinze,Quindici,Quince,Fifteen
Číslovky,Šestnáct,Seize,Sedici,Dieciséis,Sixteen
Číslovky,Sedmnáct,Dix-sept,Diciassette,Diecisiete,Seventeen
Číslovky,Osmnáct,Dix-huit,Diciotto,Dieciocho,Eighteen
Číslovky,Devatenáct,Dix-neuf,Diciannove,Diecinueve,Nineteen
Číslovky,Dvacet,Vingt,Venti,Veinte,Twenty
Číslovky,Třicet,Trente,Trenta,Treinta,Thirty
Číslovky,Čtyřicet,Quarante,Quaranta,Cuarenta,Forty
Číslovky,Padesát,Cinquante,Cinquanta,Cincuenta,Fifty
Číslovky,Šedesát,Soixante,Sessanta,Sesenta,Sixty
Číslovky,Sedmdesát,Soixante-dix,Settanta,Setenta,Seventy
Číslovky,Osmdesát,Quatre-vingts,Ottanta,Ochenta,Eighty
Číslovky,Devadesát,Quatre-vingt-dix,Novanta,Noventa,Ninety
Číslovky,Sto,Cent,Cento,Cien,Hundred
Číslovky,Tisíc,Mille,Mille,Mil,Thousand
Číslovky,Milion,Million,Milione,Millón,Million
Zvířata,Pes,Chien,Cane,Perro,Dog
Zvířata,Kočka,Chat,Gatto,Gato,Cat
Zvířata,Kůň,Cheval,Cavallo,Caballo,Horse
Zvířata,Kráva,Vache,Mucca,Vaca,Cow
Zvířata,Prase,Cochon,Maiale,Cerdo,Pig
Zvířata,Ovce,Mouton,Pecora,Oveja,Sheep
Zvířata,Koza,Chèvre,Capra,Cabra,Goat
Zvířata,Slepice,Poule,Gallina,Gallina,Hen
Zvířata,Králík,Lapin,Coniglio,Conejo,Rabbit
Zvířata,Lev,Lion,Leone,León,Lion
Zvířata,Tygr,Tigre,Tigre,Tigre,Tiger
Zvířata,Slon,Éléphant,Elefante,Elefante,Elephant
Zvířata,Žirafa,Girafe,Giraffa,Jirafa,Giraffe
Zvířata,Opice,Singe,Scimmia,Mono,Monkey
Zvířata,Medvěd,Ours,Orso,Oso,Bear
Zvířata,Vlk,Loup,Lupo,Lobo,Wolf
Zvířata,Liška,Renard,Volpe,Zorro,Fox
Zvířata,Jelen,Cerf,Cervo,Ciervo,Deer
Zvířata,Zajíc,Lièvre,Lepre,Liebre,Hare
Zvířata,Veverka,Écureuil,Scoiattolo,Ardilla,Squirrel
Zvířata,Had,Serpent,Serpente,Serpiente,Snake
Zvířata,Žába,Grenouille,Rana,Rana,Frog
Zvířata,Ryba,Poisson,Pesce,Pez,Fish
Zvířata,Delfín,Dauphin,Delfino,Delfín,Dolphin
Zvířata,Velryba,Baleine,Balena,Ballena,Whale
Zvířata,Žralok,Requin,Squalo,Tiburón,Shark
Zvířata,Krokodýl,Crocodile,Coccodrillo,Cocodrilo,Crocodile
Zvířata,Želvá,Tortue,Tartaruga,Tortuga,Turtle
Zvířata,Myš,Souris,Topo,Ratón,Mouse
Zvířata,Potkan,Rat,Ratto,Rata,Rat
Zelenina a ovoce,Jablko,Pomme,Mela,Manzana,Apple
Zelenina a ovoce,Hruška,Poire,Pera,Pera,Pear
Zelenina a ovoce,Banán,Banane,Banana,Plátano,Banana
Zelenina a ovoce,Pomeranč,Orange,Arancia,Naranja,Orange
Zelenina a ovoce,Citron,Citron,Limone,Limón,Lemon
Zelenina a ovoce,Jahoda,Fraise,Fragola,Fresa,Strawberry
Zelenina a ovoce,Třešně,Cerise,Ciliegia,Cereza,Cherry
Zelenina a ovoce,Hrozny,Raisin,Uva,Uva,Grapes
Zelenina a ovoce,Meloun,Melon,Melone,Melón,Melon
Zelenina a ovoce,Broskev,Pêche,Pesca,Melocotón,Peach
Zelenina a ovoce,Švestka,Prune,Prugna,Ciruela,Plum
Zelenina a ovoce,Ananas,Ananas,Ananas,Piña,Pineapple
Zelenina a ovoce,Mango,Mangue,Mango,Mango,Mango
Zelenina a ovoce,Avokádo,Avocat,Avocado,Aguacate,Avocado
Zelenina a ovoce,Rajče,Tomate,Pomodoro,Tomate,Tomato
Zelenina a ovoce,Okurka,Concombre,Cetriolo,Pepino,Cucumber
Zelenina a ovoce,Mrkev,Carotte,Carota,Zanahoria,Carrot
Zelenina a ovoce,Brambor,Pomme de terre,Patata,Patata,Potato
Zelenina a ovoce,Cibule,Oignon,Cipolla,Cebolla,Onion
Zelenina a ovoce,Česnek,Ail,Aglio,Ajo,Garlic
Zelenina a ovoce,Paprika,Poivron,Peperone,Pimiento,Bell pepper
Zelenina a ovoce,Špenát,Épinards,Spinaci,Espinaca,Spinach
Zelenina a ovoce,Hlávkový salát,Laitue,Lattuga,Lechuga,Lettuce
Zelenina a ovoce,Zelí,Chou,Cavolo,Col,Cabbage
Zelenina a ovoce,Brokolice,Brocoli,Broccoli,Brócoli,Broccoli
Zelenina a ovoce,Květák,Chou-fleur,Cavolfiore,Coliflor,Cauliflower
Zelenina a ovoce,Hrášek,Petits pois,Piselli,Guisantes,Peas
Zelenina a ovoce,Fazole,Haricots,Fagioli,Judías,Beans
Zelenina a ovoce,Kukuřice,Maïs,Mais,Maíz,Corn
Zelenina a ovoce,Dýně,Citrouille,Zucca,Calabaza,Pumpkin
Ptáci,Vrabec,Moineau,Passero,Gorrión,Sparrow
Ptáci,Kos,Merle,Merlo,Mirlo,Blackbird
Ptáci,Vlaštovka,Hirondelle,Rondine,Golondrina,Swallow
Ptáci,Holub,Pigeon,Piccione,Paloma,Pigeon
Ptáci,Sova,Hibou,Gufo,Búho,Owl
Ptáci,Orel,Aigle,Aquila,Águila,Eagle
Ptáci,Jestřáb,Faucon,Falco,Halcón,Hawk
Ptáci,Čáp,Cigogne,Cicogna,Cigüeña,Stork
Ptáci,Labuť,Cygne,Cigno,Cisne,Swan
Ptáci,Kachna,Canard,Anatra,Pato,Duck
Ptáci,Husa,Oie,Oca,Ganso,Goose
Ptáci,Krocan,Dindon,Tacchino,Pavo,Turkey
Ptáci,Páv,Paon,Pavone,Pavo real,Peacock
Ptáci,Papoušek,Perroquet,Pappagallo,Loro,Parrot
Ptáci,Plameňák,Flamant,Fenicottero,Flamenco,Flamingo
Ptáci,Tučňák,Manchot,Pinguino,Pingüino,Penguin
Ptáci,Pštros,Autruche,Struzzo,Avestruz,Ostrich
Ptáci,Pelikán,Pélican,Pellicano,Pelícano,Pelican
Ptáci,Čáp bílý,Cigogne blanche,Cicogna bianca,Cigüeña blanca,White stork
Ptáci,Kulík,Vanneau,Pavoncella,Avefría,Lapwing
Ptáci,Datel,Pic,Picchio,Pájaro carpintero,Woodpecker
Ptáci,Kukačka,Coucou,Cuculo,Cucú,Cuckoo
Ptáci,Skřivan,Alouette,Allodola,Alondra,Lark
Ptáci,Slavík,Rossignol,Usignolo,Ruiseñor,Nightingale
Ptáci,Konipas,Bergeronnette,Ballerina,Lavandera,Wagtail
Ptáci,Čížek,Chardonneret,Cardellino,Jilguero,Goldfinch
Ptáci,Sýkora,Mésange,Cinciallegra,Carbonero,Tit
Ptáci,Pěnkava,Pinson,Fringuello,Pinzón,Finch
Ptáci,Špačci,Étourneau,Storno,Estornino,Starling
Ptáci,Vrána,Corneille,Cornacchia,Corneja,Crow
Rostliny,Růže,Rose,Rosa,Rosa,Rose
Rostliny,Tulipán,Tulipe,Tulipano,Tulipán,Tulip
Rostliny,Slunečnice,Tournesol,Girasole,Girasol,Sunflower
Rostliny,Sedmikráska,Marguerite,Margherita,Margarita,Daisy
Rostliny,Pampeliška,Pissenlit,Tarassaco,Diente de león,Dandelion
Rostliny,Kopřiva,Ortie,Ortica,Ortiga,Nettle
Rostliny,Fialka,Violette,Violetta,Violeta,Violet
Rostliny,Levandule,Lavande,Lavanda,Lavanda,Lavender
Rostliny,Máta,Menthe,Menta,Menta,Mint
Rostliny,Bazalka,Basilic,Basilico,Albahaca,Basil
Rostliny,Rozmarýn,Romarin,Rosmarino,Romero,Rosemary
Rostliny,Tymián,Thym,Timo,Tomillo,Thyme
Rostliny,Dub,Chêne,Quercia,Roble,Oak
Rostliny,Bříza,Bouleau,Betulla,Abedul,Birch
Rostliny,Borovice,Pin,Pino,Pino,Pine
Rostliny,Smrk,Épicéa,Abete,Abeto,Spruce
Rostliny,Lípa,Tilleul,Tiglio,Tilo,Linden
Rostliny,Jasan,Frêne,Frassino,Fresno,Ash
Rostliny,Javor,Érable,Acero,Arce,Maple
Rostliny,Topol,Peuplier,Pioppo,Álamo,Poplar
Rostliny,Bambus,Bambou,Bambù,Bambú,Bamboo
Rostliny,Kaktus,Cactus,Cactus,Cactus,Cactus
Rostliny,Palma,Palmier,Palma,Palma,Palm tree
Rostliny,Kapradí,Fougère,Felce,Helecho,Fern
Rostliny,Mech,Mousse,Muschio,Musgo,Moss
Rostliny,Trávník,Gazon,Prato,Césped,Lawn
Rostliny,Ostružiník,Ronce,Rovo,Zarza,Blackberry bush
Rostliny,Bez černý,Sureau,Sambuco,Saúco,Elder
Rostliny,Šípkový keř,Églantier,Rosa canina,Rosal silvestre,Wild rose
Rostliny,Přeslička,Prêle,Equiseto,Cola de caballo,Horsetail