src_rel,dst_rel,action,src_size,dst_size
Animals/bat.jpg,Animals/bat.jpg,normalize_400x400_jpg,400x243,400x400
Animals/bear.jpg,Animals/bear.jpg,normalize_400x400_jpg,400x300,400x400
Animals/camel.jpg,Animals/camel.jpg,normalize_400x400_jpg,325x400,400x400
Animals/cat.jpg,Animals/cat.jpg,normalize_400x400_jpg,400x245,400x400
Animals/cow.jpg,Animals/cow.jpg,normalize_400x400_jpg,400x268,400x400
Animals/crocodile.jpg,Animals/crocodile.jpg,normalize_400x400_jpg,400x267,400x400
Animals/deer.jpg,Animals/deer.jpg,normalize_400x400_jpg,354x400,400x400
Animals/dog.jpg,Animals/dog.jpg,normalize_400x400_jpg,400x266,400x400
Animals/dolphin.jpg,Animals/dolphin.jpg,normalize_400x400_jpg,400x266,400x400
Animals/donkey.jpg,Animals/donkey.jpg,normalize_400x400_jpg,400x286,400x400
Animals/elephant.jpg,Animals/elephant.jpg,normalize_400x400_jpg,267x400,400x400
Animals/fish.jpg,Animals/fish.jpg,normalize_400x400_jpg,400x225,400x400
Animals/fox.jpg,Animals/fox.jpg,normalize_400x400_jpg,400x300,400x400
Animals/frog.jpg,Animals/frog.jpg,normalize_400x400_jpg,400x286,400x400
Animals/giraffe.jpg,Animals/giraffe.jpg,normalize_400x400_jpg,316x400,400x400
Animals/goat.jpg,Animals/goat.jpg,normalize_400x400_jpg,400x400,400x400
Animals/hare.jpg,Animals/hare.jpg,normalize_400x400_jpg,300x400,400x400
Animals/hen.jpg,Animals/hen.jpg,normalize_400x400_jpg,300x400,400x400
Animals/horse.jpg,Animals/horse.jpg,normalize_400x400_jpg,400x275,400x400
Animals/kangaroo.jpg,Animals/kangaroo.jpg,normalize_400x400_jpg,400x267,400x400
Animals/lion.jpg,Animals/lion.jpg,normalize_400x400_jpg,400x267,400x400
Animals/monkey.jpg,Animals/monkey.jpg,normalize_400x400_jpg,357x400,400x400
Animals/mouse.jpg,Animals/mouse.jpg,normalize_400x400_jpg,400x211,400x400
Animals/pig.jpg,Animals/pig.jpg,normalize_400x400_jpg,400x248,400x400
Animals/rabbit.jpg,Animals/rabbit.jpg,normalize_400x400_jpg,323x400,400x400
Animals/rat.jpg,Animals/rat.jpg,normalize_400x400_jpg,400x287,400x400
Animals/shark.jpg,Animals/shark.jpg,normalize_400x400_jpg,400x225,400x400
Animals/sheep.jpg,Animals/sheep.jpg,normalize_400x400_jpg,263x400,400x400
Animals/snake.jpg,Animals/snake.jpg,normalize_400x400_jpg,400x267,400x400
Animals/spider.jpg,Animals/spider.jpg,normalize_400x400_jpg,400x400,400x400
Animals/squirrel.jpg,Animals/squirrel.jpg,normalize_400x400_jpg,400x400,400x400
Animals/tiger.jpg,Animals/tiger.jpg,normalize_400x400_jpg,400x267,400x400
Animals/turtle.jpg,Animals/turtle.jpg,normalize_400x400_jpg,400x225,400x400
Animals/whale.jpg,Animals/whale.jpg,normalize_400x400_jpg,267x400,400x400
Animals/wolf.jpg,Animals/wolf.jpg,normalize_400x400_jpg,400x310,400x400
Animals/zebra.jpg,Animals/zebra.jpg,normalize_400x400_jpg,310x400,400x400
Birds/blackbird.jpg,Birds/blackbird.jpg,normalize_400x400_jpg,400x267,400x400
Birds/buzzard.jpg,Birds/buzzard.jpg,normalize_400x400_jpg,267x400,400x400
Birds/crow.jpg,Birds/crow.jpg,normalize_400x400_jpg,375x400,400x400
Birds/cuckoo.jpg,Birds/cuckoo.jpg,normalize_400x400_jpg,267x400,400x400
Birds/duck.jpg,Birds/duck.jpg,normalize_400x400_jpg,400x267,400x400
Birds/eagle.jpg,Birds/eagle.jpg,normalize_400x400_jpg,400x333,400x400
Birds/falcon.jpg,Birds/falcon.jpg,normalize_400x400_jpg,267x400,400x400
Birds/finch.jpg,Birds/finch.jpg,normalize_400x400_jpg,400x300,400x400
Birds/flamingo.jpg,Birds/flamingo.jpg,normalize_400x400_jpg,400x269,400x400
Birds/goldfinch.jpg,Birds/goldfinch.jpg,normalize_400x400_jpg,400x267,400x400
Birds/goose.jpg,Birds/goose.jpg,normalize_400x400_jpg,400x307,400x400
Birds/gull.jpg,Birds/gull.jpg,normalize_400x400_jpg,400x271,400x400
Birds/hawk.jpg,Birds/hawk.jpg,normalize_400x400_jpg,245x400,400x400
Birds/jackdaw.jpg,Birds/jackdaw.jpg,normalize_400x400_jpg,400x280,400x400
Birds/jay.jpg,Birds/jay.jpg,normalize_400x400_jpg,400x294,400x400
Birds/kingfisher.jpg,Birds/kingfisher.jpg,normalize_400x400_jpg,400x267,400x400
Birds/lapwing.jpg,Birds/lapwing.jpg,normalize_400x400_jpg,400x300,400x400
Birds/lark.jpg,Birds/lark.jpg,normalize_400x400_jpg,285x400,400x400
Birds/magpie.jpg,Birds/magpie.jpg,normalize_400x400_jpg,400x355,400x400
Birds/nightingale.jpg,Birds/nightingale.jpg,normalize_400x400_jpg,400x267,400x400
Birds/ostrich.jpg,Birds/ostrich.jpg,normalize_400x400_jpg,400x208,400x400
Birds/owl.jpg,Birds/owl.jpg,normalize_400x400_jpg,267x400,400x400
Birds/parrot.jpg,Birds/parrot.jpg,normalize_400x400_jpg,309x400,400x400
Birds/partridge.jpg,Birds/partridge.jpg,normalize_400x400_jpg,400x241,400x400
Birds/peacock.jpg,Birds/peacock.jpg,normalize_400x400_jpg,400x245,400x400
Birds/pelican.jpg,Birds/pelican.jpg,normalize_400x400_jpg,400x300,400x400
Birds/penguin.jpg,Birds/penguin.jpg,normalize_400x400_jpg,249x400,400x400
Birds/pheasant.jpg,Birds/pheasant.jpg,normalize_400x400_jpg,400x263,400x400
Birds/pigeon.jpg,Birds/pigeon.jpg,normalize_400x400_jpg,400x267,400x400
Birds/quail.jpg,Birds/quail.jpg,normalize_400x400_jpg,400x331,400x400
Birds/raven.jpg,Birds/raven.jpg,normalize_400x400_jpg,400x266,400x400
Birds/rooster.jpg,Birds/rooster.jpg,normalize_400x400_jpg,300x400,400x400
Birds/sparrow.jpg,Birds/sparrow.jpg,normalize_400x400_jpg,400x311,400x400
Birds/starling.jpg,Birds/starling.jpg,normalize_400x400_jpg,313x400,400x400
Birds/stork.jpg,Birds/stork.jpg,normalize_400x400_jpg,300x400,400x400
Birds/swallow.jpg,Birds/swallow.jpg,normalize_400x400_jpg,400x267,400x400
Birds/swan.jpg,Birds/swan.jpg,normalize_400x400_jpg,400x303,400x400
Birds/thrush.jpg,Birds/thrush.jpg,normalize_400x400_jpg,400x303,400x400
Birds/tit.jpg,Birds/tit.jpg,normalize_400x400_jpg,400x291,400x400
Birds/turkey.jpg,Birds/turkey.jpg,normalize_400x400_jpg,400x267,400x400
Birds/vulture.jpg,Birds/vulture.jpg,normalize_400x400_jpg,400x325,400x400
Birds/wagtail.jpg,Birds/wagtail.jpg,normalize_400x400_jpg,400x300,400x400
Birds/white_stork.jpg,Birds/white_stork.jpg,normalize_400x400_jpg,400x400,400x400
Birds/woodpecker.jpg,Birds/woodpecker.jpg,normalize_400x400_jpg,361x400,400x400
Colors/black.jpg,Colors/black.jpg,normalize_400x400_jpg,400x300,400x400
Colors/blue.jpg,Colors/blue.jpg,normalize_400x400_jpg,400x400,400x400
Colors/brown.jpg,Colors/brown.jpg,normalize_400x400_jpg,300x400,400x400
Colors/green.jpg,Colors/green.jpg,normalize_400x400_jpg,400x225,400x400
Colors/grey.jpg,Colors/grey.jpg,normalize_400x400_jpg,400x274,400x400
Colors/orange.jpg,Colors/orange.jpg,normalize_400x400_jpg,400x303,400x400
Colors/pink.jpg,Colors/pink.jpg,normalize_400x400_jpg,350x400,400x400
Colors/purple.jpg,Colors/purple.jpg,normalize_400x400_jpg,313x400,400x400
Colors/red.jpg,Colors/red.jpg,normalize_400x400_jpg,400x266,400x400
Colors/white.jpg,Colors/white.jpg,normalize_400x400_jpg,400x266,400x400
Colors/yellow.jpg,Colors/yellow.jpg,normalize_400x400_jpg,400x267,400x400
Months/April.png,Months/April.png,copy_original_months,1024x1536,1024x1536
Months/August.png,Months/August.png,copy_original_months,1024x1536,1024x1536
Months/December.png,Months/December.png,copy_original_months,1024x1536,1024x1536
Months/February.png,Months/February.png,copy_original_months,1024x1536,1024x1536
Months/January.png,Months/January.png,copy_original_months,1024x1536,1024x1536
Months/July.png,Months/July.png,copy_original_months,1024x1536,1024x1536
Months/June.png,Months/June.png,copy_original_months,1024x1536,1024x1536
Months/March.png,Months/March.png,copy_original_months,1024x1536,1024x1536
Months/May.png,Months/May.png,copy_original_months,1024x1536,1024x1536
Months/November.png,Months/November.png,copy_original_months,1024x1536,1024x1536
Months/October.png,Months/October.png,copy_original_months,1024x1536,1024x1536
Months/September.png,Months/September.png,copy_original_months,1024x1536,1024x1536
Plants/acacia.jpg,Plants/acacia.jpg,normalize_400x400_jpg,261x400,400x400
Plants/alder.jpg,Plants/alder.jpg,normalize_400x400_jpg,300x400,400x400
Plants/ash.jpg,Plants/ash.jpg,normalize_400x400_jpg,331x400,400x400
Plants/bamboo.jpg,Plants/bamboo.jpg,normalize_400x400_jpg,300x400,400x400
Plants/basil.jpg,Plants/basil.jpg,normalize_400x400_jpg,400x267,400x400
Plants/beech.jpg,Plants/beech.jpg,normalize_400x400_jpg,267x400,400x400
Plants/birch.jpg,Plants/birch.jpg,normalize_400x400_jpg,299x400,400x400
Plants/bramble.jpg,Plants/bramble.jpg,normalize_400x400_jpg,400x300,400x400
Plants/cactus.jpg,Plants/cactus.jpg,normalize_400x400_jpg,280x400,400x400
Plants/chamomile.jpg,Plants/chamomile.jpg,normalize_400x400_jpg,271x400,400x400
Plants/chestnut_tree.jpg,Plants/chestnut_tree.jpg,normalize_400x400_jpg,400x305,400x400
Plants/daffodil.jpg,Plants/daffodil.jpg,normalize_400x400_jpg,300x400,400x400
Plants/daisy.jpg,Plants/daisy.jpg,normalize_400x400_jpg,400x300,400x400
Plants/dandelion.jpg,Plants/dandelion.jpg,normalize_400x400_jpg,400x320,400x400
Plants/elder.jpg,Plants/elder.jpg,normalize_400x400_jpg,400x300,400x400
Plants/fern.jpg,Plants/fern.jpg,normalize_400x400_jpg,242x400,400x400
Plants/fir.jpg,Plants/fir.jpg,normalize_400x400_jpg,400x300,400x400
Plants/grass.jpg,Plants/grass.jpg,normalize_400x400_jpg,400x300,400x400
Plants/hornbeam.jpg,Plants/hornbeam.jpg,normalize_400x400_jpg,295x400,400x400
Plants/horsetail.jpg,Plants/horsetail.jpg,normalize_400x400_jpg,400x400,400x400
Plants/jasmine.jpg,Plants/jasmine.jpg,normalize_400x400_jpg,400x344,400x400
Plants/juniper.jpg,Plants/juniper.jpg,normalize_400x400_jpg,266x400,400x400
Plants/larch.jpg,Plants/larch.jpg,normalize_400x400_jpg,300x400,400x400
Plants/lavender.jpg,Plants/lavender.jpg,normalize_400x400_jpg,400x300,400x400
Plants/lawn.jpg,Plants/lawn.jpg,normalize_400x400_jpg,400x300,400x400
Plants/lily.jpg,Plants/lily.jpg,normalize_400x400_jpg,400x298,400x400
Plants/linden.jpg,Plants/linden.jpg,normalize_400x400_jpg,400x304,400x400
Plants/maple.jpg,Plants/maple.jpg,normalize_400x400_jpg,400x300,400x400
Plants/mint.jpg,Plants/mint.jpg,normalize_400x400_jpg,400x400,400x400
Plants/moss.jpg,Plants/moss.jpg,normalize_400x400_jpg,400x300,400x400
Plants/nettle.jpg,Plants/nettle.jpg,normalize_400x400_jpg,381x400,400x400
Plants/oak.jpg,Plants/oak.jpg,normalize_400x400_jpg,296x400,400x400
Plants/orchid.jpg,Plants/orchid.jpg,normalize_400x400_jpg,400x400,400x400
Plants/palm_tree.jpg,Plants/palm_tree.jpg,normalize_400x400_jpg,263x400,400x400
Plants/pine.jpg,Plants/pine.jpg,normalize_400x400_jpg,267x400,400x400
Plants/poplar.jpg,Plants/poplar.jpg,normalize_400x400_jpg,400x398,400x400
Plants/poppy.jpg,Plants/poppy.jpg,normalize_400x400_jpg,298x400,400x400
Plants/reed.jpg,Plants/reed.jpg,normalize_400x400_jpg,305x400,400x400
Plants/rose.jpg,Plants/rose.jpg,normalize_400x400_jpg,400x371,400x400
Plants/rosemary.jpg,Plants/rosemary.jpg,normalize_400x400_jpg,400x300,400x400
Plants/rowan.jpg,Plants/rowan.jpg,normalize_400x400_jpg,400x297,400x400
Plants/spruce.jpg,Plants/spruce.jpg,normalize_400x400_jpg,289x400,400x400
Plants/sunflower.jpg,Plants/sunflower.jpg,normalize_400x400_jpg,361x400,400x400
Plants/thyme.jpg,Plants/thyme.jpg,normalize_400x400_jpg,400x219,400x400
Plants/tulip.jpg,Plants/tulip.jpg,normalize_400x400_jpg,400x274,400x400
Plants/violet.jpg,Plants/violet.jpg,normalize_400x400_jpg,295x400,400x400
Plants/wild_rose.jpg,Plants/wild_rose.jpg,normalize_400x400_jpg,300x400,400x400
Plants/willow.jpg,Plants/willow.jpg,normalize_400x400_jpg,400x400,400x400
VegFruit/Orange.png,VegFruit/orange.jpg,normalize_400x400_jpg,1024x1536,400x400
VegFruit/apple.jpg,VegFruit/apple.jpg,normalize_400x400_jpg,400x136,400x400
VegFruit/apricot.jpg,VegFruit/apricot.jpg,normalize_400x400_jpg,400x207,400x400
VegFruit/avocado.jpg,VegFruit/avocado.jpg,normalize_400x400_jpg,320x400,400x400
VegFruit/banana.jpg,VegFruit/banana.jpg,normalize_400x400_jpg,387x221,400x400
VegFruit/beans.jpg,VegFruit/beans.jpg,normalize_400x400_jpg,293x400,400x400
VegFruit/blueberry.jpg,VegFruit/blueberry.jpg,normalize_400x400_jpg,400x261,400x400
VegFruit/broccoli.jpg,VegFruit/broccoli.jpg,normalize_400x400_jpg,400x267,400x400
VegFruit/cabbage.jpg,VegFruit/cabbage.jpg,normalize_400x400_jpg,400x180,400x400
VegFruit/carrot.jpg,VegFruit/carrot.jpg,normalize_400x400_jpg,400x227,400x400
VegFruit/cauliflower.jpg,VegFruit/cauliflower.jpg,normalize_400x400_jpg,400x320,400x400
VegFruit/celery.jpg,VegFruit/celery.jpg,normalize_400x400_jpg,400x300,400x400
VegFruit/cherry.jpg,VegFruit/cherry.jpg,normalize_400x400_jpg,276x400,400x400
VegFruit/corn.jpg,VegFruit/corn.jpg,normalize_400x400_jpg,294x400,400x400
VegFruit/cucumber.jpg,VegFruit/cucumber.jpg,normalize_400x400_jpg,279x400,400x400
VegFruit/eggplant.jpg,VegFruit/eggplant.jpg,normalize_400x400_jpg,366x400,400x400
VegFruit/garlic.jpg,VegFruit/garlic.jpg,normalize_400x400_jpg,242x400,400x400
VegFruit/grapes.jpg,VegFruit/grapes.jpg,normalize_400x400_jpg,400x267,400x400
VegFruit/kiwi.jpg,VegFruit/kiwi.jpg,normalize_400x400_jpg,400x300,400x400
VegFruit/lemon.jpg,VegFruit/lemon.jpg,normalize_400x400_jpg,400x300,400x400
VegFruit/lettuce.jpg,VegFruit/lettuce.jpg,normalize_400x400_jpg,400x300,400x400
VegFruit/mandarin.jpg,VegFruit/mandarin.jpg,normalize_400x400_jpg,300x400,400x400
VegFruit/mango.jpg,VegFruit/mango.jpg,normalize_400x400_jpg,400x267,400x400
VegFruit/onion.jpg,VegFruit/onion.jpg,normalize_400x400_jpg,400x400,400x400
VegFruit/parsley.jpg,VegFruit/parsley.jpg,normalize_400x400_jpg,286x400,400x400
VegFruit/pea.jpg,VegFruit/pea.jpg,normalize_400x400_jpg,400x345,400x400
VegFruit/peach.jpg,VegFruit/peach.jpg,normalize_400x400_jpg,259x400,400x400
VegFruit/pear.jpg,VegFruit/pear.jpg,normalize_400x400_jpg,263x400,400x400
VegFruit/pepper.jpg,VegFruit/pepper.jpg,normalize_400x400_jpg,323x400,400x400
VegFruit/pineapple.jpg,VegFruit/pineapple.jpg,normalize_400x400_jpg,400x268,400x400
VegFruit/plum.jpg,VegFruit/plum.jpg,normalize_400x400_jpg,400x267,400x400
VegFruit/potato.jpg,VegFruit/potato.jpg,normalize_400x400_jpg,400x260,400x400
VegFruit/pumpkin.jpg,VegFruit/pumpkin.jpg,normalize_400x400_jpg,400x254,400x400
VegFruit/raspberry.jpg,VegFruit/raspberry.jpg,normalize_400x400_jpg,320x400,400x400
VegFruit/spinach.jpg,VegFruit/spinach.jpg,normalize_400x400_jpg,307x400,400x400
VegFruit/strawberry.jpg,VegFruit/strawberry.jpg,normalize_400x400_jpg,400x267,400x400
VegFruit/tomato.jpg,VegFruit/tomato.jpg,normalize_400x400_jpg,400x333,400x400
VegFruit/watermelon.jpg,VegFruit/watermelon.jpg,normalize_400x400_jpg,266x400,400x400
VegFruit/wheat.jpg,VegFruit/wheat.jpg,normalize_400x400_jpg,400x267,400x400
VegFruit/zucchini.jpg,VegFruit/zucchini.jpg,normalize_400x400_jpg,400x202,400x400
