M,Order,InfFR,InfCZ,Ind1,Ind2,Ind3,IndP1,IndP2,IndP3,FS1,FS2,FS3,FSP1,FSP2,FSP3,Imp1,Imp2,Imp3,ImpP1,ImpP2,ImpP3
ne,1,être,být,je suis,tu es,il/elle est,nous sommes,vous êtes,ils/elles sont,je serai,tu seras,il/elle sera,nous serons,vous serez,ils/elles seront,j'étais,tu étais,il/elle était,nous étions,vous étiez,ils/elles étaient
ne,2,avoir,mít,j'ai,tu as,il/elle a,nous avons,vous avez,ils/elles ont,j'aurai,tu auras,il/elle aura,nous aurons,vous aurez,ils/elles auront,j'avais,tu avais,il/elle avait,nous avions,vous aviez,ils/elles avaient
ne,3,faire,"dělat, vyrábět",je fais,tu fais,il/elle fait,nous faisons,vous faites,ils/elles font,je ferai,tu feras,il/elle fera,nous ferons,vous ferez,ils/elles feront,je faisais,tu faisais,il/elle faisait,nous faisions,vous faisiez,ils/elles faisaient
ano,4,dire,"říkat, říct",je dis,tu dis,il/elle dit,nous disons,vous dites,ils/elles disent,je dirai,tu diras,il/elle dira,nous dirons,vous direz,ils/elles diront,je disais,tu disais,il/elle disait,nous disions,vous disiez,ils/elles disaient
ne,5,pouvoir,moci,je peux,tu peux,il/elle peut,nous pouvons,vous pouvez,ils/elles peuvent,je pourrai,tu pourras,il/elle pourra,nous pourrons,vous pourrez,ils/elles pourront,je pouvais,tu pouvais,il/elle pouvait,nous pouvions,vous pouviez,ils/elles pouvaient
ne,6,aller,"jít, jet",je vais,tu vas,il/elle va,nous allons,vous allez,ils/elles vont,j'irai,tu iras,il/elle ira,nous irons,vous irez,ils/elles iront,j'allais,tu allais,il/elle allait,nous allions,vous alliez,ils/elles allaient
ne,7,voir,vidět,je vois,tu vois,il/elle voit,nous voyons,vous voyez,ils/elles voient,je verrai,tu verras,il/elle verra,nous verrons,vous verrez,ils/elles verront,je voyais,tu voyais,il/elle voyait,nous voyions,vous voyiez,ils/elles voyaient
ne,8,vouloir,chtít,je veux,tu veux,il/elle veut,nous voulons,vous voulez,ils/elles veulent,je voudrai,tu voudras,il/elle voudra,nous voudrons,vous voudrez,ils/elles voudront,je voulais,tu voulais,il/elle voulait,nous voulions,vous vouliez,ils/elles voulaient
ne,9,venir,"přijít, přijet",je viens,tu viens,il/elle vient,nous venons,vous venez,ils/elles viennent,je viendrai,tu viendras,il/elle viendra,nous viendrons,vous viendrez,ils/elles viendront,je venais,tu venais,il/elle venait,nous venions,vous veniez,ils/elles venaient
ne,10,devoir,muset; dlužit,je dois,tu dois,il/elle doit,nous devons,vous devez,ils/elles doivent,je devrai,tu devras,il/elle devra,nous devrons,vous devrez,ils/elles devront,je devais,tu devais,il/elle devait,nous devions,vous deviez,ils/elles devaient
ne,11,prendre,"brát, vzít",je prends,tu prends,il/elle prend,nous prenons,vous prenez,ils/elles prennent,je prendrai,tu prendras,il/elle prendra,nous prendrons,vous prendrez,ils/elles prendront,je prenais,tu prenais,il/elle prenait,nous prenions,vous preniez,ils/elles prenaient
ne,12,trouver,"najít, nacházet",je trouve,tu trouves,il/elle trouve,nous trouvons,vous trouvez,ils/elles trouvent,,,,,,,,,,,,
ne,13,donner,"dávat, dát",je donne,tu donnes,il/elle donne,nous donnons,vous donnez,ils/elles donnent,,,,,,,,,,,,
ne,14,falloir,"být potřeba, být nutné",,,il faut,,,,,,,,,,,,,,,
ne,15,parler,mluvit,je parle,tu parles,il/elle parle,nous parlons,vous parlez,ils/elles parlent,je parlerai,tu parleras,il/elle parlera,nous parlerons,vous parlerez,ils/elles parleront,je parlais,tu parlais,il/elle parlait,nous parlions,vous parliez,ils/elles parlaient
ne,16,mettre,"dát, položit, umístit",je mets,tu mets,il/elle met,nous mettons,vous mettez,ils/elles mettent,je mettrai,tu mettras,il/elle mettra,nous mettrons,vous mettrez,ils/elles mettront,je mettais,tu mettais,il/elle mettait,nous mettions,vous mettiez,ils/elles mettaient
ne,17,savoir,vědět; umět,je sais,tu sais,il/elle sait,nous savons,vous savez,ils/elles savent,je saurai,tu sauras,il/elle saura,nous saurons,vous saurez,ils/elles sauront,je savais,tu savais,il/elle savait,nous savions,vous saviez,ils/elles savaient
ne,18,passer,"procházet, míjet; trávit čas",je passe,tu passes,il/elle passe,nous passons,vous passez,ils/elles passent,,,,,,,,,,,,
ne,19,regarder,"dívat se, sledovat",je regarde,tu regardes,il/elle regarde,nous regardons,vous regardez,ils/elles regardent,,,,,,,,,,,,
ne,20,aimer,"mít rád, milovat",j'aime,tu aimes,il/elle aime,nous aimons,vous aimez,ils/elles aiment,,,,,,,,,,,,
ne,21,croire,"věřit, domnívat se",je crois,tu crois,il/elle croit,nous croyons,vous croyez,ils/elles croient,je croirai,tu croiras,il/elle croira,nous croirons,vous croirez,ils/elles croiront,je croyais,tu croyais,il/elle croyait,nous croyions,vous croyiez,ils/elles croyaient
ne,22,demander,ptát se; žádat,je demande,tu demandes,il/elle demande,nous demandons,vous demandez,ils/elles demandent,,,,,,,,,,,,
ne,23,rester,"zůstat, zůstávat",je reste,tu restes,il/elle reste,nous restons,vous restez,ils/elles restent,,,,,,,,,,,,
ne,24,répondre,"odpovídat, odpovědět",je réponds,tu réponds,il/elle répond,nous répondons,vous répondez,ils/elles répondent,,,,,,,,,,,,
ne,25,entendre,slyšet,j'entends,tu entends,il/elle entend,nous entendons,vous entendez,ils/elles entendent,,,,,,,,,,,,
ne,26,penser,myslet,je pense,tu penses,il/elle pense,nous pensons,vous pensez,ils/elles pensent,,,,,,,,,,,,
ne,27,arriver,"přijít, přijet, dorazit; stát se",j'arrive,tu arrives,il/elle arrive,nous arrivons,vous arrivez,ils/elles arrivent,,,,,,,,,,,,
ne,28,connaître,znát,je connais,tu connais,il/elle connaît,nous connaissons,vous connaissez,ils/elles connaissent,,,,,,,,,,,,
ne,29,devenir,"stát se, stávat se",je deviens,tu deviens,il/elle devient,nous devenons,vous devenez,ils/elles deviennent,,,,,,,,,,,,
ne,30,sentir,cítit,je sens,tu sens,il/elle sent,nous sentons,vous sentez,ils/elles sentent,,,,,,,,,,,,
ne,31,sembler,"zdát se, připadat",je semble,tu sembles,il/elle semble,nous semblons,vous semblez,ils/elles semblent,,,,,,,,,,,,
ne,32,tenir,držet,je tiens,tu tiens,il/elle tient,nous tenons,vous tenez,ils/elles tiennent,je tiendrai,tu tiendras,il/elle tiendra,nous tiendrons,vous tiendrez,ils/elles tiendront,je tenais,tu tenais,il/elle tenait,nous tenions,vous teniez,ils/elles tenaient
ne,33,comprendre,"rozumět, chápat",je comprends,tu comprends,il/elle comprend,nous comprenons,vous comprenez,ils/elles comprennent,je comprendrai,tu comprendras,il/elle comprendra,nous comprendrons,vous comprendrez,ils/elles comprendront,je comprenais,tu comprenais,il/elle comprenait,nous comprenions,vous compreniez,ils/elles comprenaient
ne,34,rendre,"vrátit, odevzdat; učinit nějakým",je rends,tu rends,il/elle rend,nous rendons,vous rendez,ils/elles rendent,,,,,,,,,,,,
ne,35,attendre,"čekat, očekávat",j'attends,tu attends,il/elle attend,nous attendons,vous attendez,ils/elles attendent,j'attendrai,tu attendras,il/elle attendra,nous attendrons,vous attendrez,ils/elles attendront,j'attendais,tu attendais,il/elle attendait,nous attendions,vous attendiez,ils/elles attendaient
ne,36,sortir,"vyjít, vycházet ven",je sors,tu sors,il/elle sort,nous sortons,vous sortez,ils/elles sortent,je sortirai,tu sortiras,il/elle sortira,nous sortirons,vous sortirez,ils/elles sortiront,je sortais,tu sortais,il/elle sortait,nous sortions,vous sortiez,ils/elles sortaient
ne,37,vivre,žít,je vis,tu vis,il/elle vit,nous vivons,vous vivez,ils/elles vivent,je vivrai,tu vivras,il/elle vivra,nous vivrons,vous vivrez,ils/elles vivront,je vivais,tu vivais,il/elle vivait,nous vivions,vous viviez,ils/elles vivaient
ne,38,entrer,"vstoupit, vcházet",j'entre,tu entres,il/elle entre,nous entrons,vous entrez,ils/elles entrent,j'entrerai,tu entreras,il entrera,nous entrerons,vous entrerez,ils entreront,j'entrais,tu entrais,il entrait,nous entrions,vous entriez,ils entraient
ne,39,reprendre,znovu vzít; pokračovat,je reprends,tu reprends,il/elle reprend,nous reprenons,vous reprenez,ils/elles reprennent,,,,,,,,,,,,
ne,40,porter,"nést, nosit",je porte,tu portes,il/elle porte,nous portons,vous portez,ils/elles portent,,,,,,,,,,,,
ne,41,chercher,hledat,je cherche,tu cherches,il/elle cherche,nous cherchons,vous cherchez,ils/elles cherchent,je chercherai,tu chercheras,il cherchera,nous chercherons,vous chercherez,ils chercheront,je cherchais,tu cherchais,il cherchait,nous cherchions,vous cherchiez,ils cherchaient
ne,42,revenir,"vrátit se, přicházet zpět",je reviens,tu reviens,il/elle revient,nous revenons,vous revenez,ils/elles reviennent,,,,,,,,,,,,
ne,43,appeler,"volat, zavolat",j'appelle,tu appelles,il/elle appelle,nous appelons,vous appelez,ils/elles appellent,j'appellerai,tu appelleras,il/elle appellera,nous appellerons,vous appellerez,ils/elles appelleront,j'appelais,tu appelais,il/elle appelait,nous appelions,vous appeliez,ils/elles appelaient
ne,44,mourir,"zemřít, umírat",je meurs,tu meurs,il/elle meurt,nous mourons,vous mourez,ils/elles meurent,,,,,,,,,,,,
ne,45,partir,"odejít, odjet",je pars,tu pars,il/elle part,nous partons,vous partez,ils/elles partent,je partirai,tu partiras,il/elle partira,nous partirons,vous partirez,ils/elles partiront,je partais,tu partais,il/elle partait,nous partions,vous partiez,ils/elles partaient
ne,46,jeter,"hodit, házet; vyhodit",je jette,tu jettes,il/elle jette,nous jetons,vous jetez,ils/elles jettent,,,,,,,,,,,,
ne,47,suivre,"následovat, sledovat",je suis,tu suis,il/elle suit,nous suivons,vous suivez,ils/elles suivent,je suivrai,tu suivras,il/elle suivra,nous suivrons,vous suivrez,ils/elles suivront,je suivais,tu suivais,il/elle suivait,nous suivions,vous suiviez,ils/elles suivaient
ne,48,écrire,psát,j'écris,tu écris,il/elle écrit,nous écrivons,vous écrivez,ils/elles écrivent,j'écrirai,tu écriras,il/elle écrira,nous écrirons,vous écrirez,ils/elles écriront,j'écrivais,tu écrivais,il/elle écrivait,nous écrivions,vous écriviez,ils/elles écrivaient
ne,49,montrer,"ukázat, ukazovat",je montre,tu montres,il/elle montre,nous montrons,vous montrez,ils/elles montrent,je montrerai,tu montreras,il/elle montrera,nous montrerons,vous montrerez,ils/elles montreront,je montrais,tu montrais,il/elle montrait,nous montrions,vous montriez,ils/elles montraient
ne,50,tomber,"spadnout, padat",je tombe,tu tombes,il/elle tombe,nous tombons,vous tombez,ils/elles tombent,je tomberai,tu tomberas,il/elle tombera,nous tomberons,vous tomberez,ils/elles tomberont,je tombais,tu tombais,il/elle tombait,nous tombions,vous tombiez,ils/elles tombaient
ne,51,ouvrir,"otevřít, otevírat",j'ouvre,tu ouvres,il/elle ouvre,nous ouvrons,vous ouvrez,ils/elles ouvrent,j'ouvrirai,tu ouvriras,il/elle ouvrira,nous ouvrirons,vous ouvrirez,ils/elles ouvriront,j'ouvrais,tu ouvrais,il/elle ouvrait,nous ouvrions,vous ouvriez,ils/elles ouvraient
ne,52,arrêter,zastavit; přestat,j'arrête,tu arrêtes,il/elle arrête,nous arrêtons,vous arrêtez,ils/elles arrêtent,,,,,,,,,,,,
ne,53,perdre,"ztratit, ztrácet; prohrát",je perds,tu perds,il/elle perd,nous perdons,vous perdez,ils/elles perdent,je perdrai,tu perdras,il/elle perdra,nous perdrons,vous perdrez,ils/elles perdront,je perdais,tu perdais,il/elle perdait,nous perdions,vous perdiez,ils/elles perdaient
ne,54,commencer,"začít, začínat",je commence,tu commences,il/elle commence,nous commençons,vous commencez,ils/elles commencent,,,,,,,,,,,,
ne,55,paraître,"jevit se, zdát se; vyjít tiskem",je parais,tu parais,il/elle paraît,nous paraissons,vous paraissez,ils/elles paraissent,,,,,,,,,,,,
ne,56,marcher,"jít pěšky, chodit; fungovat",je marche,tu marches,il/elle marche,nous marchons,vous marchez,ils/elles marchent,je marcherai,tu marcheras,il/elle marchera,nous marcherons,vous marcherez,ils/elles marcheront,je marchais,tu marchais,il/elle marchait,nous marchions,vous marchiez,ils/elles marchaient
ne,57,lever,"zvednout, zvedat",je lève,tu lèves,il/elle lève,nous levons,vous levez,ils/elles lèvent,,,,,,,,,,,,
ne,58,permettre,"dovolit, umožnit",je permets,tu permets,il/elle permet,nous permettons,vous permettez,ils/elles permettent,,,,,,,,,,,,
ne,59,asseoir,posadit někoho,j'assieds,tu assieds,il/elle assied,nous asseyons,vous asseyez,ils/elles asseyent,,,,,,,,,,,,
ne,60,écouter,poslouchat,j'écoute,tu écoutes,il/elle écoute,nous écoutons,vous écoutez,ils/elles écoutent,,,,,,,,,,,,
ne,61,monter,"stoupat, jít nahoru; nastoupit",je monte,tu montes,il/elle monte,nous montons,vous montez,ils/elles montent,,,,,,,,,,,,
ne,62,apercevoir,"zahlédnout, spatřit",j'aperçois,tu aperçois,il/elle aperçoit,nous apercevons,vous apercevez,ils/elles aperçoivent,,,,,,,,,,,,
ne,63,recevoir,"dostat, obdržet; přijmout",je reçois,tu reçois,il/elle reçoit,nous recevons,vous recevez,ils/elles reçoivent,je recevrai,tu recevras,il/elle recevra,nous recevrons,vous recevrez,ils/elles recevront,je recevais,tu recevais,il/elle recevait,nous recevions,vous receviez,ils/elles recevaient
ne,64,servir,"sloužit; obsluhovat, podávat",je sers,tu sers,il/elle sert,nous servons,vous servez,ils/elles servent,je servirai,tu serviras,il/elle servira,nous servirons,vous servirez,ils/elles serviront,je servais,tu servais,il/elle servait,nous servions,vous serviez,ils/elles servaient
ne,65,finir,"skončit, dokončit",je finis,tu finis,il/elle finit,nous finissons,vous finissez,ils/elles finissent,je finirai,tu finiras,il/elle finira,nous finirons,vous finirez,ils/elles finiront,je finissais,tu finissais,il/elle finissait,nous finissions,vous finissiez,ils/elles finissaient
ne,66,rire,smát se,je ris,tu ris,il/elle rit,nous rions,vous riez,ils/elles rient,,,,,,,,,,,,
ne,67,crier,křičet,je crie,tu cries,il/elle crie,nous crions,vous criez,ils/elles crient,,,,,,,,,,,,
ne,68,jouer,"hrát, hrát si",je joue,tu joues,il/elle joue,nous jouons,vous jouez,ils/elles jouent,je jouerai,tu joueras,il/elle jouera,nous jouerons,vous jouerez,ils/elles joueront,je jouais,tu jouais,il/elle jouait,nous jouions,vous jouiez,ils/elles jouaient
ne,69,tourner,"otáčet, točit; zahnout",je tourne,tu tournes,il/elle tourne,nous tournons,vous tournez,ils/elles tournent,,,,,,,,,,,,
ne,70,garder,"hlídat; nechat si, uchovat",je garde,tu gardes,il/elle garde,nous gardons,vous gardez,ils/elles gardent,,,,,,,,,,,,
ne,71,reconnaître,"poznat, rozpoznat; uznat",je reconnais,tu reconnais,il/elle reconnaît,nous reconnaissons,vous reconnaissez,ils/elles reconnaissent,,,,,,,,,,,,
ne,72,quitter,"opustit, odejít od",je quitte,tu quittes,il/elle quitte,nous quittons,vous quittez,ils/elles quittent,,,,,,,,,,,,
ne,73,manger,jíst,je mange,tu manges,il/elle mange,nous mangeons,vous mangez,ils/elles mangent,je mangerai,tu mangeras,il mangera,nous mangerons,vous mangerez,ils mangeront,je mangeais,tu mangeais,il mangeait,nous mangions,vous mangiez,ils mangeaient
ne,74,courir,"běžet, běhat",je cours,tu cours,il/elle court,nous courons,vous courez,ils/elles courent,,,,,,,,,,,,
ne,75,continuer,pokračovat,je continue,tu continues,il/elle continue,nous continuons,vous continuez,ils/elles continuent,,,,,,,,,,,,
ne,76,oublier,"zapomenout, zapomínat",j'oublie,tu oublies,il/elle oublie,nous oublions,vous oubliez,ils/elles oublient,,,,,,,,,,,,
ne,77,descendre,"sestupovat, jít dolů; vystoupit",je descends,tu descends,il/elle descend,nous descendons,vous descendez,ils/elles descendent,,,,,,,,,,,,
ne,78,cacher,"schovat, skrývat",je cache,tu caches,il/elle cache,nous cachons,vous cachez,ils/elles cachent,,,,,,,,,,,,
ne,79,poser,položit; klást otázku,je pose,tu poses,il/elle pose,nous posons,vous posez,ils/elles posent,je poserai,tu poseras,il posera,nous poserons,vous poserez,ils poseront,je posais,tu posais,il posait,nous posions,vous posiez,ils posaient
ne,80,tirer,táhnout; střílet,je tire,tu tires,il/elle tire,nous tirons,vous tirez,ils/elles tirent,,,,,,,,,,,,
ne,81,présenter,"představit, předložit",je présente,tu présentes,il/elle présente,nous présentons,vous présentez,ils/elles présentent,,,,,,,,,,,,
ne,82,ajouter,"přidat, dodat",j'ajoute,tu ajoutes,il/elle ajoute,nous ajoutons,vous ajoutez,ils/elles ajoutent,,,,,,,,,,,,
ne,83,agir,"jednat, konat",j'agis,tu agis,il/elle agit,nous agissons,vous agissez,ils/elles agissent,,,,,,,,,,,,
ne,84,retrouver,znovu najít; znovu se setkat s,je retrouve,tu retrouves,il/elle retrouve,nous retrouvons,vous retrouvez,ils/elles retrouvent,je retrouverai,tu retrouveras,il retrouvera,nous retrouverons,vous retrouverez,ils retrouveront,je retrouvais,tu retrouvais,il retrouvait,nous retrouvions,vous retrouviez,ils retrouvaient
ne,85,offrir,nabídnout; darovat,j'offre,tu offres,il/elle offre,nous offrons,vous offrez,ils/elles offrent,j'offrirai,tu offriras,il/elle offrira,nous offrirons,vous offrirez,ils/elles offriront,j'offrais,tu offrais,il/elle offrait,nous offrions,vous offriez,ils/elles offraient
ne,86,apprendre,učit se; dozvědět se; naučit někoho,j'apprends,tu apprends,il/elle apprend,nous apprenons,vous apprenez,ils/elles apprennent,j'apprendrai,tu apprendras,il/elle apprendra,nous apprendrons,vous apprendrez,ils/elles apprendront,j'apprenais,tu apprenais,il/elle apprenait,nous apprenions,vous appreniez,ils/elles apprenaient
ne,87,tuer,"zabít, zabíjet",je tue,tu tues,il/elle tue,nous tuons,vous tuez,ils/elles tuent,,,,,,,,,,,,
ne,88,retourner,vrátit se; obrátit,je retourne,tu retournes,il/elle retourne,nous retournons,vous retournez,ils/elles retournent,,,,,,,,,,,,
ne,89,rencontrer,"potkat, setkat se s",je rencontre,tu rencontres,il/elle rencontre,nous rencontrons,vous rencontrez,ils/elles rencontrent,,,,,,,,,,,,
ne,90,envoyer,"poslat, posílat",j'envoie,tu envoies,il/elle envoie,nous envoyons,vous envoyez,ils/elles envoient,,,,,,,,,,,,
ne,91,dormir,spát,je dors,tu dors,il/elle dort,nous dormons,vous dormez,ils/elles dorment,je dormirai,tu dormiras,il/elle dormira,nous dormirons,vous dormirez,ils/elles dormiront,je dormais,tu dormais,il/elle dormait,nous dormions,vous dormiez,ils/elles dormaient
ne,92,pousser,tlačit; růst,je pousse,tu pousses,il/elle pousse,nous poussons,vous poussez,ils/elles poussent,,,,,,,,,,,,
ne,93,rappeler,připomenout; zavolat znovu,je rappelle,tu rappelles,il/elle rappelle,nous rappelons,vous rappelez,ils/elles rappellent,,,,,,,,,,,,
ne,94,lire,číst,je lis,tu lis,il/elle lit,nous lisons,vous lisez,ils/elles lisent,je lirai,tu liras,il/elle lira,nous lirons,vous lirez,ils/elles liront,je lisais,tu lisais,il/elle lisait,nous lisions,vous lisiez,ils/elles lisaient
ne,95,changer,"změnit, měnit; vyměnit",je change,tu changes,il/elle change,nous changeons,vous changez,ils/elles changent,,,,,,,,,,,,
ne,96,essayer,"zkusit, zkoušet",j'essaie,tu essaies,il/elle essaie,nous essayons,vous essayez,ils/elles essaient,j'essaierai,tu essaieras,il/elle essaiera,nous essaierons,vous essaierez,ils/elles essaieront,j'essayais,tu essayais,il/elle essayait,nous essayions,vous essayiez,ils essayaient
ne,97,compter,počítat,je compte,tu comptes,il/elle compte,nous comptons,vous comptez,ils/elles comptent,,,,,,,,,,,,
ne,98,occuper,"zabírat, obsadit; zaměstnávat",j'occupe,tu occupes,il/elle occupe,nous occupons,vous occupez,ils/elles occupent,,,,,,,,,,,,
ne,99,expliquer,"vysvětlit, vysvětlovat",j'explique,tu expliques,il/elle explique,nous expliquons,vous expliquez,ils/elles expliquent,,,,,,,,,,,,
ne,100,frapper,"udeřit, bít; klepat",je frappe,tu frappes,il/elle frappe,nous frappons,vous frappez,ils/elles frappent,,,,,,,,,,,,
ne,101,vendre,prodat,je vends,tu vends,il/elle vend,nous vendons,vous vendez,ils/elles vendent,je vendrai,tu vendras,il/elle vendra,nous vendrons,vous vendrez,ils/elles vendront,je vendais,tu vendais,il/elle vendait,nous vendions,vous vendiez,ils/elles vendaient
ne,102,laisser,nechat,je laisse,tu laisses,il/elle laisse,nous laissons,vous laissez,ils/elles laissent,je laisserai,tu laisseras,il/elle laissera,nous laisserons,vous laisserez,ils/elles laisseront,je laissais,tu laissais,il/elle laissait,nous laissions,vous laissiez,ils/elles laissaient
ne,103,rentrer,vrátit se,je rentre,tu rentres,il/elle rentre,nous rentrons,vous rentrez,ils/elles rentrent,je rentrerai,tu rentreras,il rentrera,nous rentrerons,vous rentrerez,ils rentreront,je rentrais,tu rentrais,il rentrait,nous rentrions,vous rentriez,ils rentraient
ne,104,travailler,pracovat,je travaille,tu travailles,il/elle travaille,nous travaillons,vous travaillez,ils/elles travaillent,je travaillerai,tu travailleras,il travaillera,nous travaillerons,vous travaillerez,ils travailleront,je travaillais,tu travaillais,il travaillait,nous travaillions,vous travailliez,ils travaillaient
ne,105,boire,pít,je bois,tu bois,il/elle boit,nous buvons,vous buvez,ils/elles boivent,je boirai,tu boiras,il boira,nous boirons,vous boirez,ils boiront,je buvais,tu buvais,il buvait,nous buvions,vous buviez,ils buvaient
ne,106,payer,platit,je paie,tu paies,il/elle paie,nous payons,vous payez,ils/elles paient,je paierai,tu paieras,il paiera,nous paierons,vous paierez,ils paieront,je payais,tu payais,il payait,nous payions,vous payiez,ils payaient
ne,107,acheter,koupit,j'achète,tu achètes,il/elle achète,nous achetons,vous achetez,ils/elles achètent,j'achèterai,tu achèteras,il achètera,nous achèterons,vous achèterez,ils achèteront,j'achetais,tu achetais,il achetait,nous achetions,vous achetiez,ils achetaient
